<config>
  <luceneMatchVersion>9.10</luceneMatchVersion>

  <dataDir>${solr.data.dir:}</dataDir>

  <directoryFactory name="DirectoryFactory" class="${solr.directoryFactory:solr.NRTCachingDirectoryFactory}"/>
  <codecFactory class="solr.SchemaCodecFactory"/>
  <!-- ~~~~~~~~~~~~~~~~~~~~~~~~~~~~~~~~~~~~~~~~~~~~~~~~~~~~~~~~~~~~~~~~~~~~~
         Index Config - These settings control low-level behavior of indexing
         Most example settings here show the default value, but are commented
         out, to more easily see where customizations have been made.

         Note: This replaces <indexDefaults> and <mainIndex> from older versions
         ~~~~~~~~~~~~~~~~~~~~~~~~~~~~~~~~~~~~~~~~~~~~~~~~~~~~~~~~~~~~~~~~~~~~~ -->
  <indexConfig>
    <lockType>${solr.lock.type:native}</lockType>
  </indexConfig>
  <!-- The default high-performance update handler -->
  <updateHandler class="solr.DirectUpdateHandler2">

    <updateLog>
      <str name="dir">${solr.ulog.dir:}</str>
      <int name="numVersionBuckets">${solr.ulog.numVersionBuckets:65536}</int>
    </updateLog>

    <autoCommit>
      <maxTime>${solr.autoCommit.maxTime:15000}</maxTime>
      <openSearcher>false</openSearcher>
    </autoCommit>
    <autoSoftCommit>
      <maxTime>${solr.autoSoftCommit.maxTime:3000}</maxTime>
    </autoSoftCommit>
  </updateHandler>
  <query>
    <maxBooleanClauses>${solr.max.booleanClauses:1024}</maxBooleanClauses>
    <filterCache size="512" initialSize="512" autowarmCount="0"/>
    <queryResultCache size="512" initialSize="512" autowarmCount="0"/>
    <documentCache size="512" initialSize="512" autowarmCount="0"/>
    <!-- custom cache currently used by block join -->
    <cache name="perSegFilter" class="solr.CaffeineCache" size="10" initialSize="0" autowarmCount="10" regenerator="solr.NoOpRegenerator"/>
    <enableLazyFieldLoading>true</enableLazyFieldLoading>
    <queryResultWindowSize>20</queryResultWindowSize>
    <!-- Maximum number of documents to cache for any entry in the
             queryResultCache.
          -->
    <queryResultMaxDocsCached>200</queryResultMaxDocsCached>

    <listener event="newSearcher" class="solr.QuerySenderListener">
      <arr name="queries">
        <!--
                   <lst><str name="q">solr</str><str name="sort">price asc</str></lst>
                   <lst><str name="q">rocks</str><str name="sort">weight asc</str></lst>
                  -->
      </arr>
    </listener>
    <listener event="firstSearcher" class="solr.QuerySenderListener">
      <arr name="queries">
        <!--
                <lst>
                  <str name="q">static firstSearcher warming in solrconfig.xml</str>
                </lst>
                -->
      </arr>
    </listener>
    <useColdSearcher>false</useColdSearcher>
  </query>
  <!-- Request Dispatcher

         This section contains instructions for how the SolrDispatchFilter
         should behave when processing requests for this SolrCore.

      -->
  <requestDispatcher>

    <httpCaching never304="true"/>

  </requestDispatcher>

  <requestHandler name="/select" class="solr.SearchHandler">
    <lst name="defaults">
      <str name="echoParams">explicit</str>
      <int name="rows">10</int>
    </lst>
  </requestHandler>
  <!-- A request handler that returns indented JSON by default -->
  <requestHandler name="/query" class="solr.SearchHandler">
    <lst name="defaults">
      <str name="echoParams">explicit</str>
      <str name="wt">json</str>
      <str name="indent">true</str>
    </lst>
  </requestHandler>
  <!-- Shared parameters for multiple Request Handlers -->
  <initParams path="/update/**,/query,/select,/spell">
    <lst name="defaults">
      <str name="df">_text_</str>
    </lst>
  </initParams>
  <!-- Spell Check

         The spell check component can return a list of alternative spelling
         suggestions.

         https://solr.apache.org/guide/solr/latest/query-guide/spell-checking.html
      -->
  <searchComponent name="spellcheck" class="solr.SpellCheckComponent">
    <str name="queryAnalyzerFieldType">text_general</str>
    <!-- Multiple "Spell Checkers" can be declared and used by this
             component
          -->
    <!-- a spellchecker built from a field of the main index -->
    <lst name="spellchecker">
      <str name="name">default</str>
      <str name="field">_text_</str>
      <str name="classname">solr.DirectSolrSpellChecker</str>
      <!-- the spellcheck distance measure used, the default is the internal levenshtein -->
      <str name="distanceMeasure">internal</str>
      <!-- minimum accuracy needed to be considered a valid spellcheck suggestion -->
      <float name="accuracy">0.5</float>
      <!-- the maximum #edits we consider when enumerating terms: can be 1 or 2 -->
      <int name="maxEdits">2</int>
      <!-- the minimum shared prefix when enumerating terms -->
      <int name="minPrefix">1</int>
      <!-- maximum number of inspections per result. -->
      <int name="maxInspections">5</int>
      <!-- minimum length of a query term to be considered for correction -->
      <int name="minQueryLength">4</int>
      <!-- maximum threshold of documents a query term can appear to be considered for correction -->
      <float name="maxQueryFrequency">0.01</float>
      <!-- uncomment this to require suggestions to occur in 1% of the documents
              <float name="thresholdTokenFrequency">.01</float>
            -->
    </lst>

  </searchComponent>
  <requestHandler name="/spell" class="solr.SearchHandler" startup="lazy">
    <lst name="defaults">
      <!-- Solr will use suggestions from both the 'default' spellchecker
                 and from the 'wordbreak' spellchecker and combine them.
                 collations (re-written queries) can include a combination of
                 corrections from both spellcheckers -->
      <str name="spellcheck.dictionary">default</str>
      <str name="spellcheck">on</str>
      <str name="spellcheck.extendedResults">true</str>
      <str name="spellcheck.count">10</str>
      <str name="spellcheck.alternativeTermCount">5</str>
      <str name="spellcheck.maxResultsForSuggest">5</str>
      <str name="spellcheck.collate">true</str>
      <str name="spellcheck.collateExtendedResults">true</str>
      <str name="spellcheck.maxCollationTries">10</str>
      <str name="spellcheck.maxCollations">5</str>
    </lst>
    <arr name="last-components">
      <str>spellcheck</str>
    </arr>
  </requestHandler>
  <!-- Highlighting Component

         https://solr.apache.org/guide/solr/latest/query-guide/highlighting.html
      -->
  <searchComponent class="solr.HighlightComponent" name="highlight">
    <!-- note: the hl.method=unified highlighter is not configured here; it's completely configured
        via parameters.  The below configuration supports hl.method=original and fastVector. -->
    <highlighting>
      <!-- Configure the standard fragmenter -->
      <!-- This could most likely be commented out in the "default" case -->
      <fragmenter name="gap" default="true" class="solr.highlight.GapFragmenter">
        <lst name="defaults">
          <int name="hl.fragsize">100</int>
        </lst>
      </fragmenter>
      <!-- A regular-expression-based fragmenter
                 (for sentence extraction)
              -->
      <fragmenter name="regex" class="solr.highlight.RegexFragmenter">
        <lst name="defaults">
          <!-- slightly smaller fragsizes work better because of slop -->
          <int name="hl.fragsize">70</int>
          <!-- allow 50% slop on fragment sizes -->
          <float name="hl.regex.slop">0.5</float>
          <!-- a basic sentence pattern -->
          <str name="hl.regex.pattern">[-\w ,/\n\"']{20,200}</str>
        </lst>
      </fragmenter>
      <!-- Configure the standard formatter -->
      <formatter name="html" default="true" class="solr.highlight.HtmlFormatter">
        <lst name="defaults">
          <str name="hl.simple.pre"><![CDATA[<em>]]></str>
          <str name="hl.simple.post"><![CDATA[</em>]]></str>
        </lst>
      </formatter>
      <!-- Configure the standard encoder -->
      <encoder name="html" class="solr.highlight.HtmlEncoder"/>
      <!-- Configure the standard fragListBuilder -->
      <fragListBuilder name="simple" class="solr.highlight.SimpleFragListBuilder"/>
      <!-- Configure the single fragListBuilder -->
      <fragListBuilder name="single" class="solr.highlight.SingleFragListBuilder"/>
      <!-- Configure the weighted fragListBuilder -->
      <fragListBuilder name="weighted" default="true" class="solr.highlight.WeightedFragListBuilder"/>
      <!-- default tag FragmentsBuilder -->
      <fragmentsBuilder name="default" default="true" class="solr.highlight.ScoreOrderFragmentsBuilder">
        <!--
                <lst name="defaults">
                  <str name="hl.multiValuedSeparatorChar">/</str>
                </lst>
                -->
      </fragmentsBuilder>
      <!-- multi-colored tag FragmentsBuilder -->
      <fragmentsBuilder name="colored" class="solr.highlight.ScoreOrderFragmentsBuilder">
        <lst name="defaults">
          <str name="hl.tag.pre"><![CDATA[
               <b style="background:yellow">,<b style="background:lawgreen">,
               <b style="background:aquamarine">,<b style="background:magenta">,
               <b style="background:palegreen">,<b style="background:coral">,
               <b style="background:wheat">,<b style="background:khaki">,
               <b style="background:lime">,<b style="background:deepskyblue">]]></str>
          <str name="hl.tag.post"><![CDATA[</b>]]></str>
        </lst>
      </fragmentsBuilder>
      <boundaryScanner name="default" default="true" class="solr.highlight.SimpleBoundaryScanner">
        <lst name="defaults">
          <str name="hl.bs.maxScan">10</str>
          <str name="hl.bs.chars">.,!? 	</str>
        </lst>
      </boundaryScanner>
      <boundaryScanner name="breakIterator" class="solr.highlight.BreakIteratorBoundaryScanner">
        <lst name="defaults">
          <!-- type should be one of CHARACTER, WORD(default), LINE and SENTENCE -->
          <str name="hl.bs.type">WORD</str>
          <!-- language and country are used when constructing Locale object.  -->
          <!-- And the Locale object will be used when getting instance of BreakIterator -->
          <str name="hl.bs.language">en</str>
          <str name="hl.bs.country">US</str>
        </lst>
      </boundaryScanner>
    </highlighting>
  </searchComponent>

  <updateProcessor class="solr.UUIDUpdateProcessorFactory" name="uuid"/>
  <updateProcessor class="solr.RemoveBlankFieldUpdateProcessorFactory" name="remove-blank"/>
  <updateProcessor class="solr.FieldNameMutatingUpdateProcessorFactory" name="field-name-mutating">
    <str name="pattern">[^\w-\.]</str>
    <str name="replacement">_</str>
  </updateProcessor>
  <updateProcessor class="solr.ParseBooleanFieldUpdateProcessorFactory" name="parse-boolean"/>
  <updateProcessor class="solr.ParseLongFieldUpdateProcessorFactory" name="parse-long"/>
  <updateProcessor class="solr.ParseDoubleFieldUpdateProcessorFactory" name="parse-double"/>
  <updateProcessor class="solr.ParseDateFieldUpdateProcessorFactory" name="parse-date">
    <arr name="format">
      <str>yyyy-MM-dd['T'[HH:mm[:ss[.SSS]][z</str>
      <str>yyyy-MM-dd['T'[HH:mm[:ss[,SSS]][z</str>
      <str>yyyy-MM-dd HH:mm[:ss[.SSS]][z</str>
      <str>yyyy-MM-dd HH:mm[:ss[,SSS]][z</str>
      <str>[EEE, ]dd MMM yyyy HH:mm[:ss] z</str>
      <str>EEEE, dd-MMM-yy HH:mm:ss z</str>
      <str>EEE MMM ppd HH:mm:ss [z ]yyyy</str>
    </arr>
  </updateProcessor>
  <updateProcessor class="solr.AddSchemaFieldsUpdateProcessorFactory" name="add-schema-fields">
    <lst name="typeMapping">
      <str name="valueClass">java.lang.String</str>
      <str name="fieldType">text_general</str>
      <lst name="copyField">
        <str name="dest">*_str</str>
        <int name="maxChars">256</int>
      </lst>
      <!-- Use as default mapping instead of defaultFieldType -->
      <bool name="default">true</bool>
    </lst>
    <lst name="typeMapping">
      <str name="valueClass">java.lang.Boolean</str>
      <str name="fieldType">booleans</str>
    </lst>
    <lst name="typeMapping">
      <str name="valueClass">java.util.Date</str>
      <str name="fieldType">pdates</str>
    </lst>
    <lst name="typeMapping">
      <str name="valueClass">java.lang.Long</str>
      <str name="valueClass">java.lang.Integer</str>
      <str name="fieldType">plongs</str>
    </lst>
    <lst name="typeMapping">
      <str name="valueClass">java.lang.Number</str>
      <str name="fieldType">pdoubles</str>
    </lst>
  </updateProcessor>
  <!-- The update.autoCreateFields property can be turned to false to disable schemaless mode -->
  <updateRequestProcessorChain name="add-unknown-fields-to-the-schema" default="${update.autoCreateFields:false}" processor="uuid,remove-blank,field-name-mutating,parse-boolean,parse-long,parse-double,parse-date,add-schema-fields">
    <processor class="solr.LogUpdateProcessorFactory"/>
    <processor class="solr.DistributedUpdateProcessorFactory"/>
    <processor class="solr.RunUpdateProcessorFactory"/>
  </updateRequestProcessorChain>

</config>